Question,Answer,Professional_Acupuncture_Points,TCM_Herbal_Formula_Recommendations,Pregnancy_Safety_Notes
"When I feel my stress rising at my desk, what can I do in the next 5 minutes?","Try a mini breathing break: sit upright with feet flat, inhale slowly through your nose for 4 seconds, exhale for 6, and repeat 10–15 times to calm your nervous system.""mutualofomaha+1​","HT7 (Shenmen), PC6 (Neiguan), GV20 (Baihui), Yintang, LV3 (Taichong), ST36 (Zusanli)",Xiao Yao San (Liver Qi stagnation with stress) | Chai Hu Long Gu Mu Li Tang (severe anxiety) | Suan Zao Ren Tang (anxiety with insomnia),⚠️ Pregnant/nursing women: Consult qualified TCM practitioner before using any herbal formulas. Acupressure points generally safe when applied gently.
"When my shoulders are up by my ears at work, what can I do in the next 5 minutes?","Do shoulder rolls: sit tall, roll both shoulders up, back, and down in slow circles 10 times, then forward 10 times, coordinating with slow breathing.""ahead-app+1​","GB21 (Jianjing), SI11 (Tianzong), LI15 (Jianyu), BL13 (Feishu), GB20 (Fengchi)",Xiao Yao San (Liver Qi stagnation from work stress) | Gan Mai Da Zao Tang (emotional stress) | Bu Zhong Yi Qi Tang (if fatigued),"✓ Self-care techniques generally safe during pregnancy; avoid strong pressure on certain points (SP6, LI4)"
"When my back feels stiff from sitting, what can I do in the next 5 minutes?","Try a seated spinal twist: feet flat, gently twist your torso to one side holding the chair, take 3 deep breaths, then repeat on the other side.""mentalhealthblogger+1​","BL23 (Shenshu), BL40 (Weizhong), GV4 (Mingmen), BL25 (Dachangshu), Yaoyan",Xiao Yao San (Liver Qi stagnation tension) | Ge Gen Tang (neck-shoulder tension) | Juan Bi Tang (if chronic),"✓ Self-care techniques generally safe during pregnancy; avoid strong pressure on certain points (SP6, LI4)"
"When I feel mentally flooded between meetings, what can I do in the next 5 minutes?","Close your eyes, take 10 slow breaths, then jot down the top 3 things that truly need attention today and let the rest wait until later.""psychologytoday+1​","GV20 (Baihui), GV24 (Shenting), Yintang, PC6 (Neiguan), ST36 (Zusanli), SP6 (Sanyinjiao)",N/A - Self-care technique; consult TCM practitioner for personalized formula if symptoms persist,⚠️ Pregnant/nursing women: Consult qualified TCM practitioner before using any herbal formulas. Acupressure points generally safe when applied gently.
"When I am stuck at my desk for hours, what can I do in the next 5 minutes?","Stand up, walk around your workspace or hallway, swing your arms gently, and take at least 20–30 steps to boost circulation and alertness.""vantagefit+1​","LI4 (Hegu), PC6 (Neiguan), GV20 (Baihui), LV3 (Taichong), ST36 (Zusanli), HT7 (Shenmen)",N/A - Self-care technique; consult TCM practitioner for personalized formula if symptoms persist,"✓ Self-care techniques generally safe during pregnancy; avoid strong pressure on certain points (SP6, LI4)"
"When I notice jaw tension while working, what can I do in the next 5 minutes?","Unclench your teeth, gently massage around your jaw joints and temples with your fingertips, and pair the massage with slow nasal breathing.""mutualofomaha+1​","ST6 (Jiache), ST7 (Xiaguan), LI4 (Hegu), LV3 (Taichong), GB20 (Fengchi)",Xiao Yao San (Liver Qi stagnation tension) | Ge Gen Tang (neck-shoulder tension) | Juan Bi Tang (if chronic),"✓ Self-care techniques generally safe during pregnancy; avoid strong pressure on certain points (SP6, LI4)"
"When my to‑do list feels impossible, what can I do in the next 5 minutes?","Write everything down, circle just one priority task for the next hour, and give yourself permission to ignore the rest until that one is done.""franciscanhealth+1​","LI4 (Hegu), PC6 (Neiguan), GV20 (Baihui), LV3 (Taichong), ST36 (Zusanli), HT7 (Shenmen)",N/A - Self-care technique; consult TCM practitioner for personalized formula if symptoms persist,"✓ Self-care techniques generally safe during pregnancy; avoid strong pressure on certain points (SP6, LI4)"
"When I feel myself rushing nonstop, what can I do in the next 5 minutes?","Pause, plant your feet on the floor, take 10 deep breaths, and speak one clear sentence about your next step to reduce mental clutter.""psychologytoday+1​","LI4 (Hegu), PC6 (Neiguan), GV20 (Baihui), LV3 (Taichong), ST36 (Zusanli), HT7 (Shenmen)",N/A - Self-care technique; consult TCM practitioner for personalized formula if symptoms persist,"✓ Self-care techniques generally safe during pregnancy; avoid strong pressure on certain points (SP6, LI4)"
"When I start the day already tense, what can I do in the next 5 minutes?","Before opening email, sit upright, take 10 slow breaths, stretch your neck side to side, and set one realistic intention for the day.""vantagefit+1​","LI4 (Hegu), PC6 (Neiguan), GV20 (Baihui), LV3 (Taichong), ST36 (Zusanli), HT7 (Shenmen)",N/A - Self-care technique; consult TCM practitioner for personalized formula if symptoms persist,"✓ Self-care techniques generally safe during pregnancy; avoid strong pressure on certain points (SP6, LI4)"
"When I feel my energy crashing mid‑afternoon, what can I do in the next 5 minutes?","Stand up, stretch your arms overhead, gently bend side to side, and take a brief walk to get water instead of grabbing more caffeine immediately.""franciscanhealth+1​","ST36 (Zusanli), CV6 (Qihai), CV4 (Guanyuan), BL20 (Pishu), BL23 (Shenshu), GV20 (Baihui)",Bu Zhong Yi Qi Tang (Qi deficiency fatigue) | Gui Pi Tang (overthinking/overwork) | Shi Quan Da Bu Tang (Qi-Blood deficiency),"✓ Self-care techniques generally safe during pregnancy; avoid strong pressure on certain points (SP6, LI4)"
"When my posture collapses over the keyboard, what can I do in the next 5 minutes?","Reset: sit back in your chair, feet flat, knees at roughly 90 degrees, lengthen your spine, relax your shoulders, and keep ears over shoulders.""oxfordfamilyvisioncare+1​","GV20 (Baihui), GV14 (Dazhui), BL11 (Dazhu), ST36 (Zusanli), BL23 (Shenshu)",N/A - Self-care technique; consult TCM practitioner for personalized formula if symptoms persist,"✓ Self-care techniques generally safe during pregnancy; avoid strong pressure on certain points (SP6, LI4)"
"When I hunch toward my laptop screen, what can I do in the next 5 minutes?","Raise your screen so the top is at or slightly below eye level, sit an arm’s length away, and bring the keyboard and mouse closer to avoid leaning.""focuswestoptometry+1​","LI4 (Hegu), PC6 (Neiguan), GV20 (Baihui), LV3 (Taichong), ST36 (Zusanli), HT7 (Shenmen)",N/A - Self-care technique; consult TCM practitioner for personalized formula if symptoms persist,"✓ Self-care techniques generally safe during pregnancy; avoid strong pressure on certain points (SP6, LI4)"
"When my neck hurts from looking down, what can I do in the next 5 minutes?","Lift your screen or device, tuck your chin slightly so your neck stays in line with your spine, and gently nod your head yes/no 10 times each.""eizoglobal+1​","GB20 (Fengchi), BL10 (Tianzhu), SI3 (Houxi), LI4 (Hegu), GV14 (Dazhui)",N/A - Self-care technique; consult TCM practitioner for personalized formula if symptoms persist,"✓ Self-care techniques generally safe during pregnancy; avoid strong pressure on certain points (SP6, LI4)"
"When I lean forward all day without noticing, what can I do in the next 5 minutes?","Scoot your hips back in the chair, press your back against the backrest, place feet flat, and imagine a string gently lifting the crown of your head.""mentalhealthblogger+1​","LI4 (Hegu), PC6 (Neiguan), GV20 (Baihui), LV3 (Taichong), ST36 (Zusanli), HT7 (Shenmen)",N/A - Self-care technique; consult TCM practitioner for personalized formula if symptoms persist,"✓ Self-care techniques generally safe during pregnancy; avoid strong pressure on certain points (SP6, LI4)"
"When my lower back feels tight at my desk, what can I do in the next 5 minutes?","Sit tall, place your hands on your thighs, gently arch your back on an inhale and round it slightly on an exhale, repeating 10 times.""betterhood+1​","BL23 (Shenshu), BL25 (Dachangshu), GV4 (Mingmen), BL40 (Weizhong), KI3 (Taixi)",Xiao Yao San (Liver Qi stagnation tension) | Ge Gen Tang (neck-shoulder tension) | Juan Bi Tang (if chronic),"✓ Self-care techniques generally safe during pregnancy; avoid strong pressure on certain points (SP6, LI4)"
"When I strain to see the screen, what can I do in the next 5 minutes?","Adjust font size and brightness so text is easy to read from 20–28 inches away, and avoid leaning closer instead of changing the settings.""focuswestoptometry+1​","LI4 (Hegu), PC6 (Neiguan), GV20 (Baihui), LV3 (Taichong), ST36 (Zusanli), HT7 (Shenmen)",N/A - Self-care technique; consult TCM practitioner for personalized formula if symptoms persist,"✓ Self-care techniques generally safe during pregnancy; avoid strong pressure on certain points (SP6, LI4)"
"When my eyes feel dry and tired, what can I do in the next 5 minutes?","Follow the 20‑20‑20 rule: every 20 minutes, look at something 20 feet away for at least 20 seconds to relax your eye muscles.""aoa+1​","BL1 (Jingming), BL2 (Zanzhu), Taiyang, ST2 (Sibai), GB20 (Fengchi), LV3 (Taichong)",Bu Zhong Yi Qi Tang (Qi deficiency fatigue) | Gui Pi Tang (overthinking/overwork) | Shi Quan Da Bu Tang (Qi-Blood deficiency),"✓ Self-care techniques generally safe during pregnancy; avoid strong pressure on certain points (SP6, LI4)"
"When I forget to blink while focusing on work, what can I do in the next 5 minutes?","Look away from the screen, close your eyes for 10 seconds, then open and blink slowly 10 times to re‑moisten and relax your eyes.""aoa+1​","GV20 (Baihui), GV24 (Shenting), Yintang, PC6 (Neiguan), ST36 (Zusanli), SP6 (Sanyinjiao)",Bu Nao Wan (cognitive support) | Tian Wang Bu Xin Dan (Heart-Kidney disharmony) | Si Jun Zi Tang (if Spleen Qi deficiency),"✓ Self-care techniques generally safe during pregnancy; avoid strong pressure on certain points (SP6, LI4)"
"When the glare on my monitor bothers me, what can I do in the next 5 minutes?","Tilt or move the screen to reduce reflections, close blinds if needed, and match screen brightness roughly to the room lighting.""oxfordfamilyvisioncare+1​","LI4 (Hegu), PC6 (Neiguan), GV20 (Baihui), LV3 (Taichong), ST36 (Zusanli), HT7 (Shenmen)",N/A - Self-care technique; consult TCM practitioner for personalized formula if symptoms persist,"✓ Self-care techniques generally safe during pregnancy; avoid strong pressure on certain points (SP6, LI4)"
"When my eyes burn by late afternoon, what can I do in the next 5 minutes?","Take a brief eye break: cup your warm palms gently over closed eyes without pressing and rest there for 30–60 seconds while breathing slowly.""eizoglobal+1​","BL1 (Jingming), BL2 (Zanzhu), Taiyang, ST2 (Sibai), GB20 (Fengchi), LV3 (Taichong)",N/A - Self-care technique; consult TCM practitioner for personalized formula if symptoms persist,"✓ Self-care techniques generally safe during pregnancy; avoid strong pressure on certain points (SP6, LI4)"
"When I jump straight from one meeting to another, what can I do in the next 5 minutes?","Use the gap to stand, stretch your chest by clasping hands behind your back, take 5 deep breaths, and drink a few sips of water before joining.""mutualofomaha+1​","LI4 (Hegu), PC6 (Neiguan), GV20 (Baihui), LV3 (Taichong), ST36 (Zusanli), HT7 (Shenmen)",N/A - Self-care technique; consult TCM practitioner for personalized formula if symptoms persist,"✓ Self-care techniques generally safe during pregnancy; avoid strong pressure on certain points (SP6, LI4)"
"When back‑to‑back meetings drain me, what can I do in the next 5 minutes?","Turn away from the screen, do gentle neck rolls, roll your wrists and ankles, and take at least 10 conscious breaths before your next call.""ahead-app+1​","LI4 (Hegu), PC6 (Neiguan), GV20 (Baihui), LV3 (Taichong), ST36 (Zusanli), HT7 (Shenmen)",N/A - Self-care technique; consult TCM practitioner for personalized formula if symptoms persist,"✓ Self-care techniques generally safe during pregnancy; avoid strong pressure on certain points (SP6, LI4)"
"When I feel on the verge of burnout at my desk, what can I do in the next 5 minutes?","Pause multitasking, close excess tabs, place your hands on your belly, and breathe slowly while reminding yourself that one small step at a time is enough.""franciscanhealth+1​","HT7 (Shenmen), PC6 (Neiguan), GV20 (Baihui), LV3 (Taichong), SP6 (Sanyinjiao), ST36 (Zusanli)",Bu Zhong Yi Qi Tang (severe Qi deficiency) | Shi Quan Da Bu Tang (Qi-Blood exhaustion) | Gui Pi Tang (mental exhaustion),⚠️ Pregnant/nursing women: Consult qualified TCM practitioner before using any herbal formulas. Acupressure points generally safe when applied gently.
"When I cannot stop thinking about work during lunch, what can I do in the next 5 minutes?","Step away from your desk, eat without screens for a few minutes, and pay attention to the taste and texture of your food to reset your mind.""psychologytoday+1​","ST36 (Zusanli), CV12 (Zhongwan), PC6 (Neiguan), SP6 (Sanyinjiao), ST25 (Tianshu)",Xiao Yao San (Liver Qi stagnation from work stress) | Gan Mai Da Zao Tang (emotional stress) | Bu Zhong Yi Qi Tang (if fatigued),"✓ Self-care techniques generally safe during pregnancy; avoid strong pressure on certain points (SP6, LI4)"
"When I carry work tension in my wrists and forearms, what can I do in the next 5 minutes?","Extend one arm, gently pull back on your fingers to stretch the forearm, hold 10–15 seconds, then switch sides and repeat a few times.""mentalhealthblogger+1​","LI4 (Hegu), LI11 (Quchi), PC6 (Neiguan), PC7 (Daling), SJ5 (Waiguan), LU9 (Taiyuan)",Xiao Yao San (Liver Qi stagnation tension) | Ge Gen Tang (neck-shoulder tension) | Juan Bi Tang (if chronic),"✓ Self-care techniques generally safe during pregnancy; avoid strong pressure on certain points (SP6, LI4)"
"When my hands feel cramped from typing, what can I do in the next 5 minutes?","Shake out your hands, rotate your wrists in circles 10 times each way, and gently massage the base of your thumbs and palms.""ahead-app+1​","LI4 (Hegu), LI11 (Quchi), PC6 (Neiguan), PC7 (Daling), SJ5 (Waiguan), LU9 (Taiyuan)",N/A - Self-care technique; consult TCM practitioner for personalized formula if symptoms persist,"✓ Self-care techniques generally safe during pregnancy; avoid strong pressure on certain points (SP6, LI4)"
"When I feel stuck in ‘fight or flight’ at work, what can I do in the next 5 minutes?","Practice box breathing: inhale 4 seconds, hold 4, exhale 4, hold 4, repeating for a few minutes while relaxing your shoulders.""mutualofomaha+1​","LI4 (Hegu), PC6 (Neiguan), GV20 (Baihui), LV3 (Taichong), ST36 (Zusanli), HT7 (Shenmen)",Xiao Yao San (Liver Qi stagnation from work stress) | Gan Mai Da Zao Tang (emotional stress) | Bu Zhong Yi Qi Tang (if fatigued),"✓ Self-care techniques generally safe during pregnancy; avoid strong pressure on certain points (SP6, LI4)"
"When my concentration is shattered by notifications, what can I do in the next 5 minutes?","Silence non‑urgent alerts, close messaging windows, and set a 25‑minute focus block followed by a 5‑minute movement or breathing break.""franciscanhealth+1​","GV20 (Baihui), GV24 (Shenting), Yintang, PC6 (Neiguan), ST36 (Zusanli), SP6 (Sanyinjiao)",Bu Nao Wan (cognitive support) | Tian Wang Bu Xin Dan (Heart-Kidney disharmony) | Si Jun Zi Tang (if Spleen Qi deficiency),"✓ Self-care techniques generally safe during pregnancy; avoid strong pressure on certain points (SP6, LI4)"
"When I dread opening my inbox in the morning, what can I do in the next 5 minutes?","Take 5 slow breaths first, then scan and flag only what truly needs attention today, leaving the rest for a scheduled email block.""psychologytoday+1​","LI4 (Hegu), PC6 (Neiguan), GV20 (Baihui), LV3 (Taichong), ST36 (Zusanli), HT7 (Shenmen)",N/A - Self-care technique; consult TCM practitioner for personalized formula if symptoms persist,"✓ Self-care techniques generally safe during pregnancy; avoid strong pressure on certain points (SP6, LI4)"
"When I arrive at work already tense from the commute, what can I do in the next 5 minutes?","Before starting tasks, sit at your desk, place both feet on the floor, inhale deeply through your nose, exhale with a sigh, and repeat 5–10 times.""howtohyggethebritishway+1​","LI4 (Hegu), PC6 (Neiguan), GV20 (Baihui), LV3 (Taichong), ST36 (Zusanli), HT7 (Shenmen)",Xiao Yao San (Liver Qi stagnation from work stress) | Gan Mai Da Zao Tang (emotional stress) | Bu Zhong Yi Qi Tang (if fatigued),"✓ Self-care techniques generally safe during pregnancy; avoid strong pressure on certain points (SP6, LI4)"
"When my commute home is on public transport, what can I do in the next 10 minutes?","Put work away, listen to calming music or a podcast you enjoy, and focus on relaxing your jaw, shoulders, and belly while you ride.""beyourownsunshinee+1​","LI4 (Hegu), PC6 (Neiguan), GV20 (Baihui), LV3 (Taichong), ST36 (Zusanli), HT7 (Shenmen)",N/A - Self-care technique; consult TCM practitioner for personalized formula if symptoms persist,"✓ Self-care techniques generally safe during pregnancy; avoid strong pressure on certain points (SP6, LI4)"
"When I drive home feeling wired, what can I do in the next 10 minutes?","Turn off work calls, play music that helps you unwind, take slower breaths at red lights, and mentally list three things you’re leaving at work today.""bethkanter+1​","LI4 (Hegu), PC6 (Neiguan), GV20 (Baihui), LV3 (Taichong), ST36 (Zusanli), HT7 (Shenmen)",N/A - Self-care technique; consult TCM practitioner for personalized formula if symptoms persist,"✓ Self-care techniques generally safe during pregnancy; avoid strong pressure on certain points (SP6, LI4)"
"When I walk home from work, what can I do in the next 10 minutes?","Use the first part of the walk to notice your breath and posture, and the last part to notice sounds, smells, and sights instead of replaying work conversations.""howtohyggethebritishway+1​","LI4 (Hegu), PC6 (Neiguan), GV20 (Baihui), LV3 (Taichong), ST36 (Zusanli), HT7 (Shenmen)",Xiao Yao San (Liver Qi stagnation from work stress) | Gan Mai Da Zao Tang (emotional stress) | Bu Zhong Yi Qi Tang (if fatigued),"✓ Self-care techniques generally safe during pregnancy; avoid strong pressure on certain points (SP6, LI4)"
"When I work from home and have no commute, what can I do in the next 10 minutes?","Create a ‘fake commute’: after work, take a short walk outside or around the block, then re‑enter your home as if arriving from the office.""bethkanter+1​","LI4 (Hegu), PC6 (Neiguan), GV20 (Baihui), LV3 (Taichong), ST36 (Zusanli), HT7 (Shenmen)",Xiao Yao San (Liver Qi stagnation from work stress) | Gan Mai Da Zao Tang (emotional stress) | Bu Zhong Yi Qi Tang (if fatigued),"✓ Self-care techniques generally safe during pregnancy; avoid strong pressure on certain points (SP6, LI4)"
"When I step through my front door still thinking about work, what can I do in the next 5 minutes?","Change out of work clothes, wash your hands and face, and take three deep breaths to mark that you are now in personal time, not work time.""beyourownsunshinee+1​","LI4 (Hegu), PC6 (Neiguan), GV20 (Baihui), LV3 (Taichong), ST36 (Zusanli), HT7 (Shenmen)",Xiao Yao San (Liver Qi stagnation from work stress) | Gan Mai Da Zao Tang (emotional stress) | Bu Zhong Yi Qi Tang (if fatigued),"✓ Self-care techniques generally safe during pregnancy; avoid strong pressure on certain points (SP6, LI4)"
"When I have trouble switching off work mode in the evening, what can I do in the next 10 minutes?","Set a small ritual like making tea, lighting a candle, or stretching for a few minutes that you do every day right after finishing work tasks.""reallifeofanmsw+1​","LI4 (Hegu), PC6 (Neiguan), GV20 (Baihui), LV3 (Taichong), ST36 (Zusanli), HT7 (Shenmen)",Xiao Yao San (Liver Qi stagnation from work stress) | Gan Mai Da Zao Tang (emotional stress) | Bu Zhong Yi Qi Tang (if fatigued),"✓ Self-care techniques generally safe during pregnancy; avoid strong pressure on certain points (SP6, LI4)"
"When I respond to emails late at night, what can I do in the next 5 minutes?","Set email to do‑not‑disturb after a certain hour, log out from your work account, and choose a calming activity to replace ‘just one more email.’""beyourownsunshinee+1​","LI4 (Hegu), PC6 (Neiguan), GV20 (Baihui), LV3 (Taichong), ST36 (Zusanli), HT7 (Shenmen)",N/A - Self-care technique; consult TCM practitioner for personalized formula if symptoms persist,"✓ Self-care techniques generally safe during pregnancy; avoid strong pressure on certain points (SP6, LI4)"
"When I bring work thoughts into bed, what can I do in the next 5 minutes?","Keep a notepad by your bed, write down any lingering work worries or tasks, close the notebook, and tell yourself they belong to tomorrow’s you.""bethkanter+1​","LI4 (Hegu), PC6 (Neiguan), GV20 (Baihui), LV3 (Taichong), ST36 (Zusanli), HT7 (Shenmen)",Xiao Yao San (Liver Qi stagnation from work stress) | Gan Mai Da Zao Tang (emotional stress) | Bu Zhong Yi Qi Tang (if fatigued),"✓ Self-care techniques generally safe during pregnancy; avoid strong pressure on certain points (SP6, LI4)"
"When I feel guilty for resting after work, what can I do in the next 5 minutes?","Remind yourself that rest protects performance, take 10 slow breaths, and choose one small, genuinely enjoyable, non‑work activity for the evening.""mutualofomaha+1​","HT7 (Shenmen), PC6 (Neiguan), GV20 (Baihui), LV3 (Taichong), SP6 (Sanyinjiao), ST36 (Zusanli)",Xiao Yao San (Liver Qi stagnation from work stress) | Gan Mai Da Zao Tang (emotional stress) | Bu Zhong Yi Qi Tang (if fatigued),"✓ Self-care techniques generally safe during pregnancy; avoid strong pressure on certain points (SP6, LI4)"
"When I notice Sunday night dread building, what can I do in the next 10 minutes?","Plan a gentle Monday morning start, list just a few key tasks, and schedule something pleasant for Sunday evening that is not work‑related.""howtohyggethebritishway+1​","LI4 (Hegu), PC6 (Neiguan), GV20 (Baihui), LV3 (Taichong), ST36 (Zusanli), HT7 (Shenmen)",N/A - Self-care technique; consult TCM practitioner for personalized formula if symptoms persist,"✓ Self-care techniques generally safe during pregnancy; avoid strong pressure on certain points (SP6, LI4)"
"When my body feels ‘buzzed’ after a long day, what can I do in the next 10 minutes?","At home, take a warm shower, breathe slowly, and imagine the water rinsing off the stress of the day as you transition into rest time.""howtohyggethebritishway+1​","LI4 (Hegu), PC6 (Neiguan), GV20 (Baihui), LV3 (Taichong), ST36 (Zusanli), HT7 (Shenmen)",N/A - Self-care technique; consult TCM practitioner for personalized formula if symptoms persist,"✓ Self-care techniques generally safe during pregnancy; avoid strong pressure on certain points (SP6, LI4)"
"When my calendar is crammed with back‑to‑back meetings all week, what can I do in the next 10 minutes?","Scan your schedule, block small 5‑minute buffers between meetings where possible, and protect at least one no‑meeting focus block.""franciscanhealth+1​","LI4 (Hegu), PC6 (Neiguan), GV20 (Baihui), LV3 (Taichong), ST36 (Zusanli), HT7 (Shenmen)",N/A - Self-care technique; consult TCM practitioner for personalized formula if symptoms persist,"✓ Self-care techniques generally safe during pregnancy; avoid strong pressure on certain points (SP6, LI4)"
"When I feel that my workdays are all blur and no pause, what can I do in the next 5 minutes?","Schedule two or three 5‑minute micro‑breaks in your calendar, and during each, step away from the screen and do quick stretching or breathing.""vantagefit+1​","LI4 (Hegu), PC6 (Neiguan), GV20 (Baihui), LV3 (Taichong), ST36 (Zusanli), HT7 (Shenmen)",Xiao Yao San (Liver Qi stagnation from work stress) | Gan Mai Da Zao Tang (emotional stress) | Bu Zhong Yi Qi Tang (if fatigued),"✓ Self-care techniques generally safe during pregnancy; avoid strong pressure on certain points (SP6, LI4)"
"When my eyes and head hurt at the end of the day, what can I do in the next 5 minutes?","Adjust your chair so feet are flat and knees at 90 degrees, position the screen about an arm’s length away, and apply the 20‑20‑20 rule for your eyes.""focuswestoptometry+1​","BL1 (Jingming), BL2 (Zanzhu), Taiyang, ST2 (Sibai), GB20 (Fengchi), LV3 (Taichong)",N/A - Self-care technique; consult TCM practitioner for personalized formula if symptoms persist,"✓ Self-care techniques generally safe during pregnancy; avoid strong pressure on certain points (SP6, LI4)"
"When I scroll my phone as soon as I leave work, what can I do in the next 10 minutes?","Delay checking your phone, look around your environment instead, and take a few slower breaths to let your nervous system drop a gear.""beyourownsunshinee+1​","LI4 (Hegu), PC6 (Neiguan), GV20 (Baihui), LV3 (Taichong), ST36 (Zusanli), HT7 (Shenmen)",Xiao Yao San (Liver Qi stagnation from work stress) | Gan Mai Da Zao Tang (emotional stress) | Bu Zhong Yi Qi Tang (if fatigued),"✓ Self-care techniques generally safe during pregnancy; avoid strong pressure on certain points (SP6, LI4)"
"When I feel irritable as I walk in the door at home, what can I do in the next 5 minutes?","Pause before engaging, take 5–10 deep breaths alone in the hallway or car, and set an intention like ‘I want to arrive present, not just exhausted.’""howtohyggethebritishway+1​","LI4 (Hegu), PC6 (Neiguan), GV20 (Baihui), LV3 (Taichong), ST36 (Zusanli), HT7 (Shenmen)",N/A - Self-care technique; consult TCM practitioner for personalized formula if symptoms persist,"✓ Self-care techniques generally safe during pregnancy; avoid strong pressure on certain points (SP6, LI4)"
"When I suspect I am burning out, what can I do in the next 10 minutes?","Notice the signs without judgment, write down how stress shows up in your body and schedule, and choose one small boundary or rest habit to start this week.""mutualofomaha+1​","LI4 (Hegu), PC6 (Neiguan), GV20 (Baihui), LV3 (Taichong), ST36 (Zusanli), HT7 (Shenmen)",N/A - Self-care technique; consult TCM practitioner for personalized formula if symptoms persist,"✓ Self-care techniques generally safe during pregnancy; avoid strong pressure on certain points (SP6, LI4)"
"When I feel overwhelmed by multiple deadlines, what can I do in the next 5 minutes?","Write down all tasks, prioritize the top 3, and focus only on the single most urgent one right now while breathing slowly.","HT7 (Shenmen), PC6 (Neiguan), GV20 (Baihui), Yintang, LV3 (Taichong), ST36 (Zusanli)",Xiao Yao San (Liver Qi stagnation with stress) | Chai Hu Long Gu Mu Li Tang (severe anxiety) | Suan Zao Ren Tang (anxiety with insomnia),"✓ Self-care techniques generally safe during pregnancy; avoid strong pressure on certain points (SP6, LI4)"
"When I experience afternoon brain fog, what can I do in the next 5 minutes?","Stand up, do 10 gentle neck rolls, drink cold water, and take 5 deep breaths while looking out a window or at a distant object.","GV20 (Baihui), GV24 (Shenting), Yintang, PC6 (Neiguan), ST36 (Zusanli), SP6 (Sanyinjiao)",Bu Nao Wan (cognitive support) | Tian Wang Bu Xin Dan (Heart-Kidney disharmony) | Si Jun Zi Tang (if Spleen Qi deficiency),⚠️ Pregnant/nursing women: Consult qualified TCM practitioner before using any herbal formulas. Acupressure points generally safe when applied gently.
"When I feel anxious before a presentation, what can I do in the next 5 minutes?","Practice slow belly breathing (4 counts in, 6 counts out), gently shake out your hands and arms, and repeat a calming phrase.","HT7 (Shenmen), PC6 (Neiguan), GV20 (Baihui), Yintang, LV3 (Taichong), ST36 (Zusanli)",Xiao Yao San (Liver Qi stagnation with stress) | Chai Hu Long Gu Mu Li Tang (severe anxiety) | Suan Zao Ren Tang (anxiety with insomnia),"✓ Self-care techniques generally safe during pregnancy; avoid strong pressure on certain points (SP6, LI4)"
"When tension headaches start at work, what can I do in the next 5 minutes?","Massage your temples in slow circles, apply gentle pressure to the base of your skull, and take slow breaths while relaxing your jaw.","LV3 (Taichong), GB20 (Fengchi), Taiyang, LI4 (Hegu), GV20 (Baihui), Yintang",Tian Ma Gou Teng Yin (Liver Yang rising headache) | Xiao Yao San (stress headaches) | Chuan Xiong Cha Tiao San (Wind-Cold headache),⚠️ Pregnant/nursing women: Consult qualified TCM practitioner before using any herbal formulas. Acupressure points generally safe when applied gently.
"When I feel disconnected from my body during work, what can I do in the next 5 minutes?","Do a body scan: mentally check each body part from feet to head, noticing sensations without judgment while breathing slowly.","LI4 (Hegu), PC6 (Neiguan), GV20 (Baihui), LV3 (Taichong), ST36 (Zusanli), HT7 (Shenmen)",Xiao Yao San (Liver Qi stagnation from work stress) | Gan Mai Da Zao Tang (emotional stress) | Bu Zhong Yi Qi Tang (if fatigued),"✓ Self-care techniques generally safe during pregnancy; avoid strong pressure on certain points (SP6, LI4)"
"When work stress affects my sleep, what can I do before bed?","Write down tomorrow's top 3 tasks, do gentle stretches, avoid screens for 30 minutes, and practice 4-7-8 breathing (inhale 4, hold 7, exhale 8).","HT7 (Shenmen), PC6 (Neiguan), GV20 (Baihui), Yintang, LV3 (Taichong), ST36 (Zusanli)",Xiao Yao San (Liver Qi stagnation with stress) | Chai Hu Long Gu Mu Li Tang (severe anxiety) | Suan Zao Ren Tang (anxiety with insomnia),⚠️ Pregnant/nursing women: Consult qualified TCM practitioner before using any herbal formulas. Acupressure points generally safe when applied gently.
"When I skip meals due to work pressure, what quick healthy option can I choose?","Keep nuts, seeds, fresh fruit, or vegetable sticks nearby; eat mindfully for 5 minutes instead of eating while working.","ST36 (Zusanli), CV12 (Zhongwan), PC6 (Neiguan), SP6 (Sanyinjiao), ST25 (Tianshu)",Xiao Yao San (Liver-Spleen disharmony) | Bao He Wan (food stagnation) | Xiang Sha Liu Jun Zi Tang (Spleen-Stomach deficiency),"✓ Self-care techniques generally safe during pregnancy; avoid strong pressure on certain points (SP6, LI4)"
"When I feel isolated working remotely, what can I do in the next 10 minutes?","Step outside for fresh air, call a friend or colleague briefly, or join a virtual co-working session to feel connected.","LI4 (Hegu), PC6 (Neiguan), GV20 (Baihui), LV3 (Taichong), ST36 (Zusanli), HT7 (Shenmen)",Xiao Yao San (Liver Qi stagnation from work stress) | Gan Mai Da Zao Tang (emotional stress) | Bu Zhong Yi Qi Tang (if fatigued),"✓ Self-care techniques generally safe during pregnancy; avoid strong pressure on certain points (SP6, LI4)"
"When perfectionism delays my work, what can I do in the next 5 minutes?","Set a timer for focused work, remind yourself that 'done is better than perfect,' and commit to one small next step.","LI4 (Hegu), PC6 (Neiguan), GV20 (Baihui), LV3 (Taichong), ST36 (Zusanli), HT7 (Shenmen)",Xiao Yao San (Liver Qi stagnation from work stress) | Gan Mai Da Zao Tang (emotional stress) | Bu Zhong Yi Qi Tang (if fatigued),"✓ Self-care techniques generally safe during pregnancy; avoid strong pressure on certain points (SP6, LI4)"
"When I feel my breath becoming shallow at work, what can I do immediately?","Place one hand on your belly, breathe deeply so your hand rises, exhale fully for a count of 6, and repeat 10 times.","CV17 (Danzhong), LU1 (Zhongfu), PC6 (Neiguan), LU7 (Lieque), CV22 (Tiantu)",Xiao Yao San (Liver Qi stagnation from work stress) | Gan Mai Da Zao Tang (emotional stress) | Bu Zhong Yi Qi Tang (if fatigued),"✓ Self-care techniques generally safe during pregnancy; avoid strong pressure on certain points (SP6, LI4)"
"When my hips feel tight from sitting all day, what can I do in the next 5 minutes?","Stand and do gentle hip circles, lunge stretches, or figure-4 stretches (ankle on opposite knee) for 30 seconds each side.","GB30 (Huantiao), BL54 (Zhibian), GB34 (Yanglingquan), ST31 (Biguan), BL40 (Weizhong)",Xiao Yao San (Liver Qi stagnation tension) | Ge Gen Tang (neck-shoulder tension) | Juan Bi Tang (if chronic),"✓ Self-care techniques generally safe during pregnancy; avoid strong pressure on certain points (SP6, LI4)"
"When my feet feel numb or cold at my desk, what can I do in the next 5 minutes?","Remove shoes, wiggle toes, roll feet on a tennis ball, or stand and do heel raises 20 times to boost circulation.","KI1 (Yongquan), ST36 (Zusanli), LV3 (Taichong), KI3 (Taixi), SP6 (Sanyinjiao)",N/A - Self-care technique; consult TCM practitioner for personalized formula if symptoms persist,"✓ Self-care techniques generally safe during pregnancy; avoid strong pressure on certain points (SP6, LI4)"
"When I get a stiff neck from phone use, what can I do in the next 5 minutes?","Hold phone at eye level, gently tilt head side to side, do slow yes/no head movements, and roll shoulders back.","GB20 (Fengchi), BL10 (Tianzhu), SI3 (Houxi), LI4 (Hegu), GV14 (Dazhui)",Xiao Yao San (Liver Qi stagnation tension) | Ge Gen Tang (neck-shoulder tension) | Juan Bi Tang (if chronic),"✓ Self-care techniques generally safe during pregnancy; avoid strong pressure on certain points (SP6, LI4)"
"When my upper back feels knotted, what can I do in the next 5 minutes?","Roll shoulders back 10 times, squeeze shoulder blades together and hold for 5 seconds (repeat 10 times), and breathe deeply.","GB21 (Jianjing), SI11 (Tianzong), LI15 (Jianyu), BL13 (Feishu), GB20 (Fengchi)",N/A - Self-care technique; consult TCM practitioner for personalized formula if symptoms persist,"✓ Self-care techniques generally safe during pregnancy; avoid strong pressure on certain points (SP6, LI4)"
"When I clench my jaw unconsciously, what can I do throughout the day?","Set hourly reminders to relax your jaw, keep tongue on roof of mouth with teeth slightly apart, and massage jaw joints gently.","ST6 (Jiache), ST7 (Xiaguan), LI4 (Hegu), LV3 (Taichong), GB20 (Fengchi)",N/A - Self-care technique; consult TCM practitioner for personalized formula if symptoms persist,"✓ Self-care techniques generally safe during pregnancy; avoid strong pressure on certain points (SP6, LI4)"
"When my chest feels tight from stress, what can I do in the next 5 minutes?","Stand in a doorway, place forearms on frame, lean forward gently to open chest, hold 30 seconds, and breathe deeply.","HT7 (Shenmen), PC6 (Neiguan), GV20 (Baihui), Yintang, LV3 (Taichong), ST36 (Zusanli)",Xiao Yao San (Liver Qi stagnation with stress) | Chai Hu Long Gu Mu Li Tang (severe anxiety) | Suan Zao Ren Tang (anxiety with insomnia),⚠️ Pregnant/nursing women: Consult qualified TCM practitioner before using any herbal formulas. Acupressure points generally safe when applied gently.
"When I have cold hands from stress, what can I do in the next 5 minutes?","Rub hands together vigorously, shake them out, run warm water over them, or do arm swings to increase circulation.","HT7 (Shenmen), PC6 (Neiguan), GV20 (Baihui), Yintang, LV3 (Taichong), ST36 (Zusanli)",Xiao Yao San (Liver Qi stagnation with stress) | Chai Hu Long Gu Mu Li Tang (severe anxiety) | Suan Zao Ren Tang (anxiety with insomnia),⚠️ Pregnant/nursing women: Consult qualified TCM practitioner before using any herbal formulas. Acupressure points generally safe when applied gently.
"When sitting causes my knees to ache, what can I do in the next 5 minutes?","Stand and gently bend and straighten knees 20 times, walk in place, or sit with feet elevated for a few minutes.","ST35 (Dubi), ST36 (Zusanli), SP10 (Xuehai), SP9 (Yinlingquan), GB34 (Yanglingquan)",N/A - Self-care technique; consult TCM practitioner for personalized formula if symptoms persist,"✓ Self-care techniques generally safe during pregnancy; avoid strong pressure on certain points (SP6, LI4)"
"When I feel my posture deteriorating throughout the day, what can I do hourly?","Set a reminder to stand, stretch tall with arms overhead, pull shoulders back, and reset proper sitting alignment.","GV20 (Baihui), GV14 (Dazhui), BL11 (Dazhu), ST36 (Zusanli), BL23 (Shenshu)",N/A - Self-care technique; consult TCM practitioner for personalized formula if symptoms persist,"✓ Self-care techniques generally safe during pregnancy; avoid strong pressure on certain points (SP6, LI4)"
"When my hands tingle from poor circulation, what can I do in the next 5 minutes?","Shake hands vigorously, make fists and release 20 times, stretch fingers wide, and rotate wrists in both directions.","LI4 (Hegu), LI11 (Quchi), PC6 (Neiguan), PC7 (Daling), SJ5 (Waiguan), LU9 (Taiyuan)",N/A - Self-care technique; consult TCM practitioner for personalized formula if symptoms persist,"✓ Self-care techniques generally safe during pregnancy; avoid strong pressure on certain points (SP6, LI4)"
"When I work through my lunch break habitually, how can I change this?","Block lunch in your calendar as a meeting, set an alarm, eat away from your desk, and take at least 20 minutes to eat mindfully.","ST36 (Zusanli), CV12 (Zhongwan), PC6 (Neiguan), SP6 (Sanyinjiao), ST25 (Tianshu)",Xiao Yao San (Liver Qi stagnation from work stress) | Gan Mai Da Zao Tang (emotional stress) | Bu Zhong Yi Qi Tang (if fatigued),"✓ Self-care techniques generally safe during pregnancy; avoid strong pressure on certain points (SP6, LI4)"
"When I check work emails on weekends, what boundary can I set?","Designate specific times (e.g., Sunday 4-5pm only), turn off notifications, and communicate your availability to your team.","HT7 (Shenmen), PC6 (Neiguan), GV20 (Baihui), LV3 (Taichong), SP6 (Sanyinjiao), ST36 (Zusanli)",Xiao Yao San (Liver Qi stagnation from work stress) | Gan Mai Da Zao Tang (emotional stress) | Bu Zhong Yi Qi Tang (if fatigued),"✓ Self-care techniques generally safe during pregnancy; avoid strong pressure on certain points (SP6, LI4)"
"When I say yes to everything at work, what can I practice saying?","Try: 'Let me check my capacity and get back to you,' or 'I can do this if we deprioritize X' to protect your time.","LI4 (Hegu), PC6 (Neiguan), GV20 (Baihui), LV3 (Taichong), ST36 (Zusanli), HT7 (Shenmen)",Xiao Yao San (Liver Qi stagnation from work stress) | Gan Mai Da Zao Tang (emotional stress) | Bu Zhong Yi Qi Tang (if fatigued),"✓ Self-care techniques generally safe during pregnancy; avoid strong pressure on certain points (SP6, LI4)"
"When my family complains I'm always on my phone, what can I do?","Create phone-free zones (dinner table, bedroom), use airplane mode during quality time, and schedule tech-free family activities.","LI4 (Hegu), PC6 (Neiguan), GV20 (Baihui), LV3 (Taichong), ST36 (Zusanli), HT7 (Shenmen)",N/A - Self-care technique; consult TCM practitioner for personalized formula if symptoms persist,"✓ Self-care techniques generally safe during pregnancy; avoid strong pressure on certain points (SP6, LI4)"
"When I feel guilty taking breaks, what perspective shift helps?","Reframe breaks as productivity tools, not laziness; research shows regular breaks improve focus, creativity, and work quality.","HT7 (Shenmen), PC6 (Neiguan), GV20 (Baihui), LV3 (Taichong), SP6 (Sanyinjiao), ST36 (Zusanli)",N/A - Self-care technique; consult TCM practitioner for personalized formula if symptoms persist,"✓ Self-care techniques generally safe during pregnancy; avoid strong pressure on certain points (SP6, LI4)"
"When I have no hobbies outside work anymore, how do I start?","Schedule one 30-minute activity weekly that has nothing to do with work: reading, crafts, sports, music, or nature walks.","LI4 (Hegu), PC6 (Neiguan), GV20 (Baihui), LV3 (Taichong), ST36 (Zusanli), HT7 (Shenmen)",Xiao Yao San (Liver Qi stagnation from work stress) | Gan Mai Da Zao Tang (emotional stress) | Bu Zhong Yi Qi Tang (if fatigued),"✓ Self-care techniques generally safe during pregnancy; avoid strong pressure on certain points (SP6, LI4)"
"When work consumes my thoughts during family time, what mental practice helps?","Notice when work thoughts arise, acknowledge them, and gently redirect attention to the present moment and people around you.","GV20 (Baihui), GV24 (Shenting), Yintang, PC6 (Neiguan), ST36 (Zusanli), SP6 (Sanyinjiao)",Xiao Yao San (Liver Qi stagnation from work stress) | Gan Mai Da Zao Tang (emotional stress) | Bu Zhong Yi Qi Tang (if fatigued),⚠️ Pregnant/nursing women: Consult qualified TCM practitioner before using any herbal formulas. Acupressure points generally safe when applied gently.
"When I feel I have no time for self-care, what's a realistic start?","Begin with just 5 minutes daily: morning stretches, evening tea ritual, or short walk—consistency matters more than duration.","LI4 (Hegu), PC6 (Neiguan), GV20 (Baihui), LV3 (Taichong), ST36 (Zusanli), HT7 (Shenmen)",N/A - Self-care technique; consult TCM practitioner for personalized formula if symptoms persist,"✓ Self-care techniques generally safe during pregnancy; avoid strong pressure on certain points (SP6, LI4)"
"When I resent my job but feel trapped, what small step can I take?","Journal what you dislike and what you'd prefer, update your resume, research options, or speak to a career counselor for perspective.","LI4 (Hegu), PC6 (Neiguan), GV20 (Baihui), LV3 (Taichong), ST36 (Zusanli), HT7 (Shenmen)",N/A - Self-care technique; consult TCM practitioner for personalized formula if symptoms persist,"✓ Self-care techniques generally safe during pregnancy; avoid strong pressure on certain points (SP6, LI4)"
"When I notice burnout symptoms, what should I do first?","Acknowledge it without shame, talk to HR or your manager about workload, schedule time off, and consider professional support.","HT7 (Shenmen), PC6 (Neiguan), GV20 (Baihui), LV3 (Taichong), SP6 (Sanyinjiao), ST36 (Zusanli)",Bu Zhong Yi Qi Tang (severe Qi deficiency) | Shi Quan Da Bu Tang (Qi-Blood exhaustion) | Gui Pi Tang (mental exhaustion),⚠️ Pregnant/nursing women: Consult qualified TCM practitioner before using any herbal formulas. Acupressure points generally safe when applied gently.
"When I want to use acupressure at my desk, which points are easiest to access?","Try LI4 (hand web), PC6 (wrist), and GV20 (head top)—press gently for 1-2 minutes while breathing slowly.","LI4 (Hegu), PC6 (Neiguan), GV20 (Baihui), LV3 (Taichong), ST36 (Zusanli), HT7 (Shenmen)",N/A - Self-care technique; consult TCM practitioner for personalized formula if symptoms persist,"✓ Self-care techniques generally safe during pregnancy; avoid strong pressure on certain points (SP6, LI4)"
"When I feel Liver Qi stagnation from stress, what foods should I eat?","Eat more dark leafy greens, beets, citrus, mint tea, and bitter foods; avoid alcohol, fried foods, and excessive caffeine.","HT7 (Shenmen), PC6 (Neiguan), GV20 (Baihui), Yintang, LV3 (Taichong), ST36 (Zusanli)",Xiao Yao San (Liver Qi stagnation with stress) | Chai Hu Long Gu Mu Li Tang (severe anxiety) | Suan Zao Ren Tang (anxiety with insomnia),⚠️ Pregnant/nursing women: Consult qualified TCM practitioner before using any herbal formulas. Acupressure points generally safe when applied gently.
"When I have Spleen Qi deficiency from overwork, how should I adjust my diet?","Eat warm cooked foods, soups, root vegetables, and avoid raw/cold foods, excessive sweets, and eating while working.","LI4 (Hegu), PC6 (Neiguan), GV20 (Baihui), LV3 (Taichong), ST36 (Zusanli), HT7 (Shenmen)",Xiao Yao San (Liver Qi stagnation from work stress) | Gan Mai Da Zao Tang (emotional stress) | Bu Zhong Yi Qi Tang (if fatigued),"✓ Self-care techniques generally safe during pregnancy; avoid strong pressure on certain points (SP6, LI4)"
"When I experience Heart Shen disturbance with anxiety, which herbal tea might help?","Try chamomile, jujube seed, or longan tea; these calm the Shen and support restful sleep (consult practitioner for formulas).","HT7 (Shenmen), PC6 (Neiguan), GV20 (Baihui), Yintang, LV3 (Taichong), ST36 (Zusanli)",Xiao Yao San (Liver Qi stagnation with stress) | Chai Hu Long Gu Mu Li Tang (severe anxiety) | Suan Zao Ren Tang (anxiety with insomnia),⚠️ Pregnant/nursing women: Consult qualified TCM practitioner before using any herbal formulas. Acupressure points generally safe when applied gently.
"When I have Kidney deficiency from chronic stress, what lifestyle changes help?","Prioritize sleep, reduce overwork, eat kidney-nourishing foods (black beans, walnuts), avoid excessive sexual activity, and rest more.","HT7 (Shenmen), PC6 (Neiguan), GV20 (Baihui), Yintang, LV3 (Taichong), ST36 (Zusanli)",Xiao Yao San (Liver Qi stagnation with stress) | Chai Hu Long Gu Mu Li Tang (severe anxiety) | Suan Zao Ren Tang (anxiety with insomnia),⚠️ Pregnant/nursing women: Consult qualified TCM practitioner before using any herbal formulas. Acupressure points generally safe when applied gently.
"When I want to support my Lung Qi at work, what breathing practice is best?","Practice diaphragmatic breathing: inhale deeply into belly, exhale fully, repeat 10 times; helps Lung Qi and reduces stress.","CV17 (Danzhong), LU1 (Zhongfu), PC6 (Neiguan), LU7 (Lieque), CV22 (Tiantu)",Xiao Yao San (Liver Qi stagnation from work stress) | Gan Mai Da Zao Tang (emotional stress) | Bu Zhong Yi Qi Tang (if fatigued),"✓ Self-care techniques generally safe during pregnancy; avoid strong pressure on certain points (SP6, LI4)"
"When I have rising Liver Yang with headaches, which acupoints can I press?","LV3 (foot top), GB20 (skull base), and Taiyang (temple)—press gently while breathing and avoid anger/frustration triggers.","LV3 (Taichong), GB20 (Fengchi), Taiyang, LI4 (Hegu), GV20 (Baihui), Yintang",Tian Ma Gou Teng Yin (Liver Yang rising headache) | Xiao Yao San (stress headaches) | Chuan Xiong Cha Tiao San (Wind-Cold headache),⚠️ Pregnant/nursing women: Consult qualified TCM practitioner before using any herbal formulas. Acupressure points generally safe when applied gently.
"When I want TCM support for burnout, which formula patterns are common?","Common patterns include Qi deficiency, Blood deficiency, Yin deficiency, Liver Qi stagnation—see a TCM practitioner for diagnosis.","HT7 (Shenmen), PC6 (Neiguan), GV20 (Baihui), LV3 (Taichong), SP6 (Sanyinjiao), ST36 (Zusanli)",Bu Zhong Yi Qi Tang (severe Qi deficiency) | Shi Quan Da Bu Tang (Qi-Blood exhaustion) | Gui Pi Tang (mental exhaustion),⚠️ Pregnant/nursing women: Consult qualified TCM practitioner before using any herbal formulas. Acupressure points generally safe when applied gently.
"When I use self-acupressure for stress, how long and how often?","Press each point 1-2 minutes, 2-3 times daily; use gentle circular pressure, breathe slowly, and be consistent for best results.","HT7 (Shenmen), PC6 (Neiguan), GV20 (Baihui), Yintang, LV3 (Taichong), ST36 (Zusanli)",Xiao Yao San (Liver Qi stagnation with stress) | Chai Hu Long Gu Mu Li Tang (severe anxiety) | Suan Zao Ren Tang (anxiety with insomnia),⚠️ Pregnant/nursing women: Consult qualified TCM practitioner before using any herbal formulas. Acupressure points generally safe when applied gently.
"When I want to prevent burnout with TCM principles, what are key practices?","Balance work/rest, eat seasonally, sleep before 11pm, manage emotions, move regularly, and seek treatment at early signs.","HT7 (Shenmen), PC6 (Neiguan), GV20 (Baihui), LV3 (Taichong), SP6 (Sanyinjiao), ST36 (Zusanli)",Bu Zhong Yi Qi Tang (severe Qi deficiency) | Shi Quan Da Bu Tang (Qi-Blood exhaustion) | Gui Pi Tang (mental exhaustion),⚠️ Pregnant/nursing women: Consult qualified TCM practitioner before using any herbal formulas. Acupressure points generally safe when applied gently.
"When sitting in video calls all day, how can I stay more active?","Stand for some calls, do seated leg lifts, stretch between meetings, and take walking calls when camera-off is acceptable.","LI4 (Hegu), PC6 (Neiguan), GV20 (Baihui), LV3 (Taichong), ST36 (Zusanli), HT7 (Shenmen)",N/A - Self-care technique; consult TCM practitioner for personalized formula if symptoms persist,"✓ Self-care techniques generally safe during pregnancy; avoid strong pressure on certain points (SP6, LI4)"
"When blue light affects my sleep, what can I do before bed?","Use blue light filters after 7pm, wear blue-blocking glasses, dim screens, and avoid devices 1 hour before sleep.","HT7 (Shenmen), Anmian, PC6 (Neiguan), Yintang, KI3 (Taixi), SP6 (Sanyinjiao)",Suan Zao Ren Tang (insomnia from Heart-Blood deficiency) | Tian Wang Bu Xin Dan (Yin deficiency insomnia) | Gui Pi Tang (overthinking insomnia),⚠️ Pregnant/nursing women: Consult qualified TCM practitioner before using any herbal formulas. Acupressure points generally safe when applied gently.
"When I want to improve my workspace ergonomics cheaply, what's most important?","Raise your monitor to eye level (use books), support lower back with a cushion, and keep feet flat on floor.","LI4 (Hegu), PC6 (Neiguan), GV20 (Baihui), LV3 (Taichong), ST36 (Zusanli), HT7 (Shenmen)",Xiao Yao San (Liver Qi stagnation from work stress) | Gan Mai Da Zao Tang (emotional stress) | Bu Zhong Yi Qi Tang (if fatigued),"✓ Self-care techniques generally safe during pregnancy; avoid strong pressure on certain points (SP6, LI4)"
"When I experience zoom fatigue, what helps between meetings?","Turn off self-view, hide non-essential video, take audio-only breaks, look away from screen, and schedule shorter meetings.","ST36 (Zusanli), CV6 (Qihai), CV4 (Guanyuan), BL20 (Pishu), BL23 (Shenshu), GV20 (Baihui)",Bu Zhong Yi Qi Tang (Qi deficiency fatigue) | Gui Pi Tang (overthinking/overwork) | Shi Quan Da Bu Tang (Qi-Blood deficiency),⚠️ Pregnant/nursing women: Consult qualified TCM practitioner before using any herbal formulas. Acupressure points generally safe when applied gently.
"When workplace noise distracts me, what can I do?","Use noise-canceling headphones, try brown/white noise, find quiet zones, or communicate boundary times for focused work.","LI4 (Hegu), PC6 (Neiguan), GV20 (Baihui), LV3 (Taichong), ST36 (Zusanli), HT7 (Shenmen)",Xiao Yao San (Liver Qi stagnation from work stress) | Gan Mai Da Zao Tang (emotional stress) | Bu Zhong Yi Qi Tang (if fatigued),"✓ Self-care techniques generally safe during pregnancy; avoid strong pressure on certain points (SP6, LI4)"
"When I feel socially drained from work interactions, how can I recharge?","Schedule solo lunch breaks, take quiet walks, limit after-work socializing when tired, and honor your need for alone time.","LI4 (Hegu), PC6 (Neiguan), GV20 (Baihui), LV3 (Taichong), ST36 (Zusanli), HT7 (Shenmen)",Xiao Yao San (Liver Qi stagnation from work stress) | Gan Mai Da Zao Tang (emotional stress) | Bu Zhong Yi Qi Tang (if fatigued),"✓ Self-care techniques generally safe during pregnancy; avoid strong pressure on certain points (SP6, LI4)"
"When I procrastinate due to work anxiety, what technique helps?","Use the 2-minute rule: if it takes less than 2 minutes, do it now; break larger tasks into tiny first steps.","HT7 (Shenmen), PC6 (Neiguan), GV20 (Baihui), Yintang, LV3 (Taichong), ST36 (Zusanli)",Xiao Yao San (Liver Qi stagnation with stress) | Chai Hu Long Gu Mu Li Tang (severe anxiety) | Suan Zao Ren Tang (anxiety with insomnia),⚠️ Pregnant/nursing women: Consult qualified TCM practitioner before using any herbal formulas. Acupressure points generally safe when applied gently.
"When my energy dips in the afternoon, what's better than coffee?","Try green tea, a 10-minute walk, cold water on face/wrists, protein snack, or a power nap if possible.","LI4 (Hegu), PC6 (Neiguan), GV20 (Baihui), LV3 (Taichong), ST36 (Zusanli), HT7 (Shenmen)",N/A - Self-care technique; consult TCM practitioner for personalized formula if symptoms persist,"✓ Self-care techniques generally safe during pregnancy; avoid strong pressure on certain points (SP6, LI4)"
"When I want to build resilience to workplace stress, what daily habit helps most?","Establish a consistent morning routine that includes movement, mindfulness, and nourishing food before starting work.","HT7 (Shenmen), PC6 (Neiguan), GV20 (Baihui), Yintang, LV3 (Taichong), ST36 (Zusanli)",Xiao Yao San (Liver Qi stagnation with stress) | Chai Hu Long Gu Mu Li Tang (severe anxiety) | Suan Zao Ren Tang (anxiety with insomnia),⚠️ Pregnant/nursing women: Consult qualified TCM practitioner before using any herbal formulas. Acupressure points generally safe when applied gently.
"When I notice early burnout signs, what recovery plan should I make?","Assess workload boundaries, schedule rest days, seek professional help, delegate tasks, and communicate needs to management.","HT7 (Shenmen), PC6 (Neiguan), GV20 (Baihui), LV3 (Taichong), SP6 (Sanyinjiao), ST36 (Zusanli)",Bu Zhong Yi Qi Tang (severe Qi deficiency) | Shi Quan Da Bu Tang (Qi-Blood exhaustion) | Gui Pi Tang (mental exhaustion),⚠️ Pregnant/nursing women: Consult qualified TCM practitioner before using any herbal formulas. Acupressure points generally safe when applied gently.
"When I want to maintain work-life balance long-term, what principle should I follow?","Treat personal time as non-negotiable appointments, protect boundaries consistently, and regularly reassess what truly matters.","HT7 (Shenmen), PC6 (Neiguan), GV20 (Baihui), LV3 (Taichong), SP6 (Sanyinjiao), ST36 (Zusanli)",Xiao Yao San (Liver Qi stagnation from work stress) | Gan Mai Da Zao Tang (emotional stress) | Bu Zhong Yi Qi Tang (if fatigued),"✓ Self-care techniques generally safe during pregnancy; avoid strong pressure on certain points (SP6, LI4)"
"When stress manifests physically, what signs should I not ignore?","Chronic headaches, digestive issues, chest pain, insomnia, constant fatigue—seek medical evaluation and address root causes.","HT7 (Shenmen), PC6 (Neiguan), GV20 (Baihui), Yintang, LV3 (Taichong), ST36 (Zusanli)",Xiao Yao San (Liver Qi stagnation with stress) | Chai Hu Long Gu Mu Li Tang (severe anxiety) | Suan Zao Ren Tang (anxiety with insomnia),⚠️ Pregnant/nursing women: Consult qualified TCM practitioner before using any herbal formulas. Acupressure points generally safe when applied gently.
"When I want to support colleagues with stress, what's most helpful?","Listen without judgment, share resources, model healthy boundaries, check in regularly, and encourage professional support when needed.","HT7 (Shenmen), PC6 (Neiguan), GV20 (Baihui), Yintang, LV3 (Taichong), ST36 (Zusanli)",Xiao Yao San (Liver Qi stagnation with stress) | Chai Hu Long Gu Mu Li Tang (severe anxiety) | Suan Zao Ren Tang (anxiety with insomnia),⚠️ Pregnant/nursing women: Consult qualified TCM practitioner before using any herbal formulas. Acupressure points generally safe when applied gently.
